county_name,candidate_name,election_day,absentee_mail,early_in_person,provisional,total
Appling County,Donald J. Trump (I) (Rep),"1,753",890,"3,874",9,"6,526"
Appling County,Joseph R. Biden (Dem),334,587,855,3,"1,779"
Appling County,Jo Jorgensen (Lib),5,5,26,0,36
Atkinson County,Donald J. Trump (I) (Rep),716,164,"1,419",1,"2,300"
Atkinson County,Joseph R. Biden (Dem),250,130,445,0,825
Atkinson County,Jo Jorgensen (Lib),14,3,13,0,30
Bacon County,Donald J. Trump (I) (Rep),431,487,"3,099",1,"4,018"
Bacon County,Joseph R. Biden (Dem),140,196,288,1,625
Bacon County,Jo Jorgensen (Lib),8,4,13,0,25
Baker County,Donald J. Trump (I) (Rep),291,138,466,2,897
Baker County,Joseph R. Biden (Dem),149,234,269,0,652
Baker County,Jo Jorgensen (Lib),2,2,2,0,6
Baldwin County,Donald J. Trump (I) (Rep),"1,873","1,290","5,736",4,"8,903"
Baldwin County,Joseph R. Biden (Dem),"1,527","3,000","4,612",1,"9,140"
Baldwin County,Jo Jorgensen (Lib),63,38,107,0,208
Banks County,Donald J. Trump (I) (Rep),"1,644","1,025","5,116",10,"7,795"
Banks County,Joseph R. Biden (Dem),150,344,435,3,932
Banks County,Jo Jorgensen (Lib),20,9,45,0,74
Barrow County,Donald J. Trump (I) (Rep),"5,885","4,134","16,782",3,"26,804"
Barrow County,Joseph R. Biden (Dem),"1,717","3,583","5,150",3,"10,453"
Barrow County,Jo Jorgensen (Lib),226,131,307,0,664
Bartow County,Donald J. Trump (I) (Rep),"10,179","5,976","21,499",20,"37,674"
Bartow County,Joseph R. Biden (Dem),"2,175","4,486","5,423",8,"12,092"
Bartow County,Jo Jorgensen (Lib),276,148,275,2,701
Ben Hill County,Donald J. Trump (I) (Rep),441,528,"3,140",1,"4,110"
Ben Hill County,Joseph R. Biden (Dem),336,714,"1,342",0,"2,392"
Ben Hill County,Jo Jorgensen (Lib),18,8,32,0,58
Berrien County,Donald J. Trump (I) (Rep),"1,835",749,"3,825",10,"6,419"
Berrien County,Joseph R. Biden (Dem),333,367,568,1,"1,269"
Berrien County,Jo Jorgensen (Lib),21,9,25,0,55
Bibb County,Donald J. Trump (I) (Rep),"7,922","5,375","13,234",54,"26,585"
Bibb County,Joseph R. Biden (Dem),"8,704","14,264","20,384",116,"43,468"
Bibb County,Jo Jorgensen (Lib),299,174,273,3,749
Bleckley County,Donald J. Trump (I) (Rep),942,614,"2,770",2,"4,328"
Bleckley County,Joseph R. Biden (Dem),295,428,588,0,"1,311"
Bleckley County,Jo Jorgensen (Lib),20,10,37,0,67
Brantley County,Donald J. Trump (I) (Rep),"1,992",685,"4,307",7,"6,991"
Brantley County,Joseph R. Biden (Dem),145,204,349,1,699
Brantley County,Jo Jorgensen (Lib),24,11,21,0,56
Brooks County,Donald J. Trump (I) (Rep),"1,423",519,"2,312",6,"4,260"
Brooks County,Joseph R. Biden (Dem),522,"1,115","1,149",4,"2,790"
Brooks County,Jo Jorgensen (Lib),16,9,25,0,50
Bryan County,Donald J. Trump (I) (Rep),"2,579","1,588","10,072",5,"14,244"
Bryan County,Joseph R. Biden (Dem),838,"2,105","3,794",2,"6,739"
Bryan County,Jo Jorgensen (Lib),108,72,177,0,357
Bulloch County,Donald J. Trump (I) (Rep),"6,653","2,800","8,910",23,"18,386"
Bulloch County,Joseph R. Biden (Dem),"2,415","3,530","5,263",35,"11,243"
Bulloch County,Jo Jorgensen (Lib),192,87,175,1,455
Burke County,Donald J. Trump (I) (Rep),"1,949",649,"2,802",0,"5,400"
Burke County,Joseph R. Biden (Dem),"1,490","1,867","1,852",0,"5,209"
Burke County,Jo Jorgensen (Lib),25,14,36,0,75
Butts County,Donald J. Trump (I) (Rep),824,"1,137","6,443",2,"8,406"
Butts County,Joseph R. Biden (Dem),376,973,"1,924",1,"3,274"
Butts County,Jo Jorgensen (Lib),22,20,49,0,91
Calhoun County,Donald J. Trump (I) (Rep),279,150,494,0,923
Calhoun County,Joseph R. Biden (Dem),361,436,463,0,"1,260"
Calhoun County,Jo Jorgensen (Lib),6,3,2,0,11
Camden County,Donald J. Trump (I) (Rep),"3,621","2,161","9,465",4,"15,251"
Camden County,Joseph R. Biden (Dem),"1,166","2,777","4,021",3,"7,967"
Camden County,Jo Jorgensen (Lib),170,95,205,0,470
Candler County,Donald J. Trump (I) (Rep),431,375,"2,327",0,"3,133"
Candler County,Joseph R. Biden (Dem),193,376,699,1,"1,269"
Candler County,Jo Jorgensen (Lib),14,4,11,0,29
Carroll County,Donald J. Trump (I) (Rep),"11,071","4,699","21,676",30,"37,476"
Carroll County,Joseph R. Biden (Dem),"3,007","4,634","8,582",15,"16,238"
Carroll County,Jo Jorgensen (Lib),278,125,357,0,760
Catoosa County,Donald J. Trump (I) (Rep),"5,170","2,952","17,025",20,"25,167"
Catoosa County,Joseph R. Biden (Dem),976,"2,130","3,823",3,"6,932"
Catoosa County,Jo Jorgensen (Lib),178,78,236,2,494
Charlton County,Donald J. Trump (I) (Rep),"1,124",397,"1,896",2,"3,419"
Charlton County,Joseph R. Biden (Dem),233,294,576,0,"1,103"
Charlton County,Jo Jorgensen (Lib),17,7,20,0,44
Chatham County,Donald J. Trump (I) (Rep),"18,346","11,781","23,014",96,"53,237"
Chatham County,Joseph R. Biden (Dem),"17,952","29,037","31,085",180,"78,254"
Chatham County,Jo Jorgensen (Lib),889,506,519,15,"1,929"
Chattahoochee County,Donald J. Trump (I) (Rep),291,132,455,2,880
Chattahoochee County,Joseph R. Biden (Dem),150,166,350,1,667
Chattahoochee County,Jo Jorgensen (Lib),17,9,8,1,35
Chattooga County,Donald J. Trump (I) (Rep),"2,464","1,102","4,492",6,"8,064"
Chattooga County,Joseph R. Biden (Dem),366,649,837,2,"1,854"
Chattooga County,Jo Jorgensen (Lib),50,25,57,0,132
Cherokee County,Donald J. Trump (I) (Rep),"23,758","19,639","56,171",19,"99,587"
Cherokee County,Joseph R. Biden (Dem),"6,598","17,261","18,929",6,"42,794"
Cherokee County,Jo Jorgensen (Lib),921,628,899,1,"2,449"
Clarke County,Donald J. Trump (I) (Rep),"3,409","4,048","6,974",15,"14,446"
Clarke County,Joseph R. Biden (Dem),"5,323","14,329","16,357",39,"36,048"
Clarke County,Jo Jorgensen (Lib),268,243,325,3,839
Clay County,Donald J. Trump (I) (Rep),131,105,401,0,637
Clay County,Joseph R. Biden (Dem),165,296,329,0,790
Clay County,Jo Jorgensen (Lib),5,2,0,0,7
Clayton County,Donald J. Trump (I) (Rep),"3,403","4,366","7,988",56,"15,813"
Clayton County,Joseph R. Biden (Dem),"16,580","27,109","51,347",440,"95,476"
Clayton County,Jo Jorgensen (Lib),343,312,397,3,"1,055"
Clinch County,Donald J. Trump (I) (Rep),618,209,"1,277",1,"2,105"
Clinch County,Joseph R. Biden (Dem),235,156,356,0,747
Clinch County,Jo Jorgensen (Lib),2,2,8,0,12
Cobb County,Donald J. Trump (I) (Rep),"37,609","50,764","76,907",179,"165,459"
Cobb County,Joseph R. Biden (Dem),"30,599","95,513","95,387",347,"221,846"
Cobb County,Jo Jorgensen (Lib),"2,157","2,320","1,952",12,"6,441"
Coffee County,Donald J. Trump (I) (Rep),"2,587",917,"7,066",8,"10,578"
Coffee County,Joseph R. Biden (Dem),"1,100",995,"2,411",5,"4,511"
Coffee County,Jo Jorgensen (Lib),41,17,67,0,125
Colquitt County,Donald J. Trump (I) (Rep),"4,270","1,365","6,132",10,"11,777"
Colquitt County,Joseph R. Biden (Dem),"1,108","1,199","1,877",3,"4,187"
Colquitt County,Jo Jorgensen (Lib),50,20,49,0,119
Columbia County,Donald J. Trump (I) (Rep),"13,300","7,023","29,643",47,"50,013"
Columbia County,Joseph R. Biden (Dem),"5,009","9,546","14,648",33,"29,236"
Columbia County,Jo Jorgensen (Lib),514,241,575,0,"1,330"
Cook County,Donald J. Trump (I) (Rep),"1,113",486,"3,301",0,"4,900"
Cook County,Joseph R. Biden (Dem),538,512,"1,008",1,"2,059"
Cook County,Jo Jorgensen (Lib),26,14,36,0,76
Coweta County,Donald J. Trump (I) (Rep),"18,273","9,400","23,824",4,"51,501"
Coweta County,Joseph R. Biden (Dem),"5,330","9,288","9,578",14,"24,210"
Coweta County,Jo Jorgensen (Lib),498,304,283,3,"1,088"
Crawford County,Donald J. Trump (I) (Rep),"1,152",562,"2,713",1,"4,428"
Crawford County,Joseph R. Biden (Dem),263,524,827,1,"1,615"
Crawford County,Jo Jorgensen (Lib),21,10,28,0,59
Crisp County,Donald J. Trump (I) (Rep),977,780,"3,227",3,"4,987"
Crisp County,Joseph R. Biden (Dem),571,886,"1,527",2,"2,986"
Crisp County,Jo Jorgensen (Lib),23,10,33,0,66
Dade County,Donald J. Trump (I) (Rep),"2,010",635,"3,414",7,"6,066"
Dade County,Joseph R. Biden (Dem),243,377,640,1,"1,261"
Dade County,Jo Jorgensen (Lib),51,12,44,0,107
Dawson County,Donald J. Trump (I) (Rep),"2,336","1,964","9,095",3,"13,398"
Dawson County,Joseph R. Biden (Dem),254,"1,051","1,181",0,"2,486"
Dawson County,Jo Jorgensen (Lib),62,44,90,1,197
Decatur County,Donald J. Trump (I) (Rep),"1,469",832,"4,451",6,"6,758"
Decatur County,Joseph R. Biden (Dem),788,"1,472","2,512",8,"4,780"
Decatur County,Jo Jorgensen (Lib),20,23,46,0,89
DeKalb County,Donald J. Trump (I) (Rep),"12,126","16,078","29,966",203,"58,373"
DeKalb County,Joseph R. Biden (Dem),"33,634","110,666","162,718","1,209","308,227"
DeKalb County,Jo Jorgensen (Lib),"1,122","1,356","1,707",19,"4,204"
Dodge County,Donald J. Trump (I) (Rep),"2,335",711,"2,793",4,"5,843"
Dodge County,Joseph R. Biden (Dem),550,580,"1,040",1,"2,171"
Dodge County,Jo Jorgensen (Lib),34,10,11,1,56
Dooly County,Donald J. Trump (I) (Rep),466,259,"1,431",3,"2,159"
Dooly County,Joseph R. Biden (Dem),482,476,951,2,"1,911"
Dooly County,Jo Jorgensen (Lib),10,7,18,0,35
Dougherty County,Donald J. Trump (I) (Rep),"4,259","2,355","3,818",22,"10,454"
Dougherty County,Joseph R. Biden (Dem),"7,317","8,052","9,124",84,"24,577"
Dougherty County,Jo Jorgensen (Lib),133,70,74,3,280
Douglas County,Donald J. Trump (I) (Rep),"4,863","5,434","15,139",15,"25,451"
Douglas County,Joseph R. Biden (Dem),"5,963","13,998","22,804",44,"42,809"
Douglas County,Jo Jorgensen (Lib),259,227,349,2,837
Early County,Donald J. Trump (I) (Rep),799,416,"1,504",3,"2,722"
Early County,Joseph R. Biden (Dem),646,684,"1,107",0,"2,437"
Early County,Jo Jorgensen (Lib),7,6,15,0,28
Echols County,Donald J. Trump (I) (Rep),226,121,909,0,"1,256"
Echols County,Joseph R. Biden (Dem),33,32,102,0,167
Echols County,Jo Jorgensen (Lib),4,3,11,0,18
Effingham County,Donald J. Trump (I) (Rep),"7,350","2,520","13,471",17,"23,358"
Effingham County,Joseph R. Biden (Dem),"1,752","2,333","3,623",12,"7,720"
Effingham County,Jo Jorgensen (Lib),233,92,167,0,492
Elbert County,Donald J. Trump (I) (Rep),"1,837",981,"3,408",0,"6,226"
Elbert County,Joseph R. Biden (Dem),529,"1,082","1,268",0,"2,879"
Elbert County,Jo Jorgensen (Lib),30,13,23,0,66
Emanuel County,Donald J. Trump (I) (Rep),"2,528",896,"3,126",1,"6,551"
Emanuel County,Joseph R. Biden (Dem),842,808,"1,234",0,"2,884"
Emanuel County,Jo Jorgensen (Lib),36,7,22,1,66
Evans County,Donald J. Trump (I) (Rep),471,491,"1,926",0,"2,888"
Evans County,Joseph R. Biden (Dem),236,347,741,0,"1,324"
Evans County,Jo Jorgensen (Lib),12,12,11,0,35
Fannin County,Donald J. Trump (I) (Rep),"4,163","2,253","5,730",23,"12,169"
Fannin County,Joseph R. Biden (Dem),384,"1,159","1,028",0,"2,571"
Fannin County,Jo Jorgensen (Lib),43,32,35,0,110
Fayette County,Donald J. Trump (I) (Rep),"6,352","7,382","24,162",56,"37,952"
Fayette County,Joseph R. Biden (Dem),"3,400","11,152","18,443",70,"33,065"
Fayette County,Jo Jorgensen (Lib),279,232,463,2,976
Floyd County,Donald J. Trump (I) (Rep),"7,897","4,436","16,678",112,"29,123"
Floyd County,Joseph R. Biden (Dem),"2,154","3,976","5,820",58,"12,008"
Floyd County,Jo Jorgensen (Lib),199,98,220,0,517
Forsyth County,Donald J. Trump (I) (Rep),"9,740","14,612","60,739",31,"85,122"
Forsyth County,Joseph R. Biden (Dem),"3,375","15,682","23,125",21,"42,203"
Forsyth County,Jo Jorgensen (Lib),415,477,"1,087",1,"1,980"
Franklin County,Donald J. Trump (I) (Rep),"2,299","1,404","5,364",2,"9,069"
Franklin County,Joseph R. Biden (Dem),348,598,647,0,"1,593"
Franklin County,Jo Jorgensen (Lib),31,25,47,0,103
Fulton County,Donald J. Trump (I) (Rep),"19,552","29,479","87,293",916,"137,240"
Fulton County,Joseph R. Biden (Dem),"38,143","115,788","224,688","2,525","381,144"
Fulton County,Jo Jorgensen (Lib),"1,448","1,727","3,004",96,"6,275"
Gilmer County,Donald J. Trump (I) (Rep),"4,371","2,183","6,863",12,"13,429"
Gilmer County,Joseph R. Biden (Dem),453,"1,270","1,209",0,"2,932"
Gilmer County,Jo Jorgensen (Lib),64,35,64,1,164
Glascock County,Donald J. Trump (I) (Rep),403,205,795,0,"1,403"
Glascock County,Joseph R. Biden (Dem),40,53,62,0,155
Glascock County,Jo Jorgensen (Lib),3,1,4,0,8
Glynn County,Donald J. Trump (I) (Rep),"4,701","4,388","16,492",35,"25,616"
Glynn County,Joseph R. Biden (Dem),"2,153","5,735","7,969",22,"15,879"
Glynn County,Jo Jorgensen (Lib),149,105,234,1,489
Gordon County,Donald J. Trump (I) (Rep),"6,986","2,538","9,866",15,"19,405"
Gordon County,Joseph R. Biden (Dem),"1,003","1,464","1,916",1,"4,384"
Gordon County,Jo Jorgensen (Lib),107,51,86,0,244
Grady County,Donald J. Trump (I) (Rep),"2,028","1,103","3,896",7,"7,034"
Grady County,Joseph R. Biden (Dem),635,"1,112","1,861",11,"3,619"
Grady County,Jo Jorgensen (Lib),25,11,18,0,54
Greene County,Donald J. Trump (I) (Rep),844,"1,275","4,947",2,"7,068"
Greene County,Joseph R. Biden (Dem),583,"1,532","1,965",8,"4,088"
Greene County,Jo Jorgensen (Lib),21,19,51,0,91
Gwinnett County,Donald J. Trump (I) (Rep),"35,271","40,396","90,472",274,"166,413"
Gwinnett County,Joseph R. Biden (Dem),"35,793","81,502","124,125",407,"241,827"
Gwinnett County,Jo Jorgensen (Lib),"1,742","1,679","2,186",18,"5,625"
Habersham County,Donald J. Trump (I) (Rep),"2,628","2,905","11,083",21,"16,637"
Habersham County,Joseph R. Biden (Dem),511,"1,315","1,733",4,"3,563"
Habersham County,Jo Jorgensen (Lib),64,42,126,0,232
Hall County,Donald J. Trump (I) (Rep),"11,111","12,005","40,999",55,"64,170"
Hall County,Joseph R. Biden (Dem),"3,847","9,215","11,951",18,"25,031"
Hall County,Jo Jorgensen (Lib),402,305,611,4,"1,322"
Hancock County,Donald J. Trump (I) (Rep),274,244,641,0,"1,159"
Hancock County,Joseph R. Biden (Dem),624,"1,223","1,135",3,"2,985"
Hancock County,Jo Jorgensen (Lib),10,7,4,0,21
Haralson County,Donald J. Trump (I) (Rep),"4,317","1,786","6,224",4,"12,331"
Haralson County,Joseph R. Biden (Dem),375,671,746,0,"1,792"
Haralson County,Jo Jorgensen (Lib),55,30,40,0,125
Harris County,Donald J. Trump (I) (Rep),"5,592","2,087","6,627",13,"14,319"
Harris County,Joseph R. Biden (Dem),"1,278","2,067","2,106",6,"5,457"
Harris County,Jo Jorgensen (Lib),103,62,50,0,215
Hart County,Donald J. Trump (I) (Rep),"2,338","1,437","5,687",2,"9,464"
Hart County,Joseph R. Biden (Dem),560,"1,128","1,467",2,"3,157"
Hart County,Jo Jorgensen (Lib),43,20,43,0,106
Heard County,Donald J. Trump (I) (Rep),"1,641",677,"2,197",1,"4,516"
Heard County,Joseph R. Biden (Dem),184,296,343,1,824
Heard County,Jo Jorgensen (Lib),21,11,19,0,51
Henry County,Donald J. Trump (I) (Rep),"8,143","8,134","31,879",31,"48,187"
Henry County,Joseph R. Biden (Dem),"8,191","20,858","44,156",71,"73,276"
Henry County,Jo Jorgensen (Lib),322,310,645,2,"1,279"
Houston County,Donald J. Trump (I) (Rep),"11,644","8,163","21,677",50,"41,534"
Houston County,Joseph R. Biden (Dem),"6,349","11,867","13,970",46,"32,232"
Houston County,Jo Jorgensen (Lib),422,294,339,2,"1,057"
Irwin County,Donald J. Trump (I) (Rep),655,369,"2,106",4,"3,134"
Irwin County,Joseph R. Biden (Dem),227,257,523,1,"1,008"
Irwin County,Jo Jorgensen (Lib),8,1,17,0,26
Jackson County,Donald J. Trump (I) (Rep),"4,961","4,395","20,135",6,"29,497"
Jackson County,Joseph R. Biden (Dem),"1,053","2,797","3,791",1,"7,642"
Jackson County,Jo Jorgensen (Lib),157,116,258,0,531
Jasper County,Donald J. Trump (I) (Rep),"1,547",808,"3,455",12,"5,822"
Jasper County,Joseph R. Biden (Dem),294,680,785,2,"1,761"
Jasper County,Jo Jorgensen (Lib),22,18,21,0,61
Jeff Davis County,Donald J. Trump (I) (Rep),"1,418",528,"2,749",0,"4,695"
Jeff Davis County,Joseph R. Biden (Dem),248,273,507,0,"1,028"
Jeff Davis County,Jo Jorgensen (Lib),18,13,17,0,48
Jefferson County,Donald J. Trump (I) (Rep),"1,096",446,"1,992",3,"3,537"
Jefferson County,Joseph R. Biden (Dem),"1,056","1,274","1,723",8,"4,061"
Jefferson County,Jo Jorgensen (Lib),18,6,20,0,44
Jenkins County,Donald J. Trump (I) (Rep),579,335,"1,244",3,"2,161"
Jenkins County,Joseph R. Biden (Dem),292,416,557,1,"1,266"
Jenkins County,Jo Jorgensen (Lib),15,5,8,0,28
Johnson County,Donald J. Trump (I) (Rep),771,331,"1,748",0,"2,850"
Johnson County,Joseph R. Biden (Dem),209,420,593,0,"1,222"
Johnson County,Jo Jorgensen (Lib),9,6,13,0,28
Jones County,Donald J. Trump (I) (Rep),"3,023","1,272","5,666",4,"9,965"
Jones County,Joseph R. Biden (Dem),841,"1,689","2,356",2,"4,888"
Jones County,Jo Jorgensen (Lib),47,18,47,1,113
Lamar County,Donald J. Trump (I) (Rep),"1,743",807,"3,772",8,"6,330"
Lamar County,Joseph R. Biden (Dem),472,936,"1,204",3,"2,615"
Lamar County,Jo Jorgensen (Lib),40,14,40,0,94
Lanier County,Donald J. Trump (I) (Rep),481,250,"1,778",0,"2,509"
Lanier County,Joseph R. Biden (Dem),204,298,517,0,"1,019"
Lanier County,Jo Jorgensen (Lib),13,10,25,0,48
Laurens County,Donald J. Trump (I) (Rep),"5,660","2,351","6,479",3,"14,493"
Laurens County,Joseph R. Biden (Dem),"1,884","2,735","3,451",3,"8,073"
Laurens County,Jo Jorgensen (Lib),62,38,63,0,163
Lee County,Donald J. Trump (I) (Rep),"3,054","1,221","7,728",4,"12,007"
Lee County,Joseph R. Biden (Dem),895,"1,243","2,418",2,"4,558"
Lee County,Jo Jorgensen (Lib),62,19,68,0,149
Liberty County,Donald J. Trump (I) (Rep),"1,704","1,311","4,941",3,"7,959"
Liberty County,Joseph R. Biden (Dem),"1,666","4,301","7,129",3,"13,099"
Liberty County,Jo Jorgensen (Lib),102,93,136,0,331
Lincoln County,Donald J. Trump (I) (Rep),904,442,"1,832",1,"3,179"
Lincoln County,Joseph R. Biden (Dem),265,628,540,2,"1,435"
Lincoln County,Jo Jorgensen (Lib),13,10,13,0,36
Long County,Donald J. Trump (I) (Rep),"1,126",290,"2,102",10,"3,528"
Long County,Joseph R. Biden (Dem),379,500,"1,148",6,"2,033"
Long County,Jo Jorgensen (Lib),33,14,48,0,95
Lowndes County,Donald J. Trump (I) (Rep),"5,351","3,379","16,795",166,"25,691"
Lowndes County,Joseph R. Biden (Dem),"2,892","5,929","11,017",279,"20,117"
Lowndes County,Jo Jorgensen (Lib),168,122,249,8,547
Lumpkin County,Donald J. Trump (I) (Rep),"2,002","2,022","8,138",1,"12,163"
Lumpkin County,Joseph R. Biden (Dem),332,"1,245","1,549",0,"3,126"
Lumpkin County,Jo Jorgensen (Lib),63,48,131,0,242
Macon County,Donald J. Trump (I) (Rep),348,139,"1,296",0,"1,783"
Macon County,Joseph R. Biden (Dem),692,706,"1,459",0,"2,857"
Macon County,Jo Jorgensen (Lib),10,2,10,0,22
Madison County,Donald J. Trump (I) (Rep),"3,502","1,718","6,103",3,"11,326"
Madison County,Joseph R. Biden (Dem),740,"1,192","1,478",1,"3,411"
Madison County,Jo Jorgensen (Lib),83,40,77,0,200
Marion County,Donald J. Trump (I) (Rep),759,295,"1,221",0,"2,275"
Marion County,Joseph R. Biden (Dem),220,471,620,0,"1,311"
Marion County,Jo Jorgensen (Lib),12,6,20,0,38
McDuffie County,Donald J. Trump (I) (Rep),826,898,"4,445",0,"6,169"
McDuffie County,Joseph R. Biden (Dem),600,"1,522","2,046",0,"4,168"
McDuffie County,Jo Jorgensen (Lib),40,23,55,0,118
McIntosh County,Donald J. Trump (I) (Rep),810,834,"2,371",1,"4,016"
McIntosh County,Joseph R. Biden (Dem),442,853,"1,317",0,"2,612"
McIntosh County,Jo Jorgensen (Lib),34,15,19,0,68
Meriwether County,Donald J. Trump (I) (Rep),"2,230",980,"3,312",2,"6,524"
Meriwether County,Joseph R. Biden (Dem),"1,189","1,489","1,604",5,"4,287"
Meriwether County,Jo Jorgensen (Lib),25,17,24,0,66
Miller County,Donald J. Trump (I) (Rep),530,264,"1,269",3,"2,066"
Miller County,Joseph R. Biden (Dem),174,221,354,0,749
Miller County,Jo Jorgensen (Lib),7,2,11,0,20
Mitchell County,Donald J. Trump (I) (Rep),"1,551",681,"2,701",2,"4,935"
Mitchell County,Joseph R. Biden (Dem),818,"1,499","1,673",5,"3,995"
Mitchell County,Jo Jorgensen (Lib),17,9,7,0,33
Monroe County,Donald J. Trump (I) (Rep),"3,102","1,062","6,890",6,"11,060"
Monroe County,Joseph R. Biden (Dem),690,"1,372","2,320",2,"4,384"
Monroe County,Jo Jorgensen (Lib),52,27,69,0,148
Montgomery County,Donald J. Trump (I) (Rep),"1,109",356,"1,495",0,"2,960"
Montgomery County,Joseph R. Biden (Dem),250,310,419,0,979
Montgomery County,Jo Jorgensen (Lib),12,3,12,0,27
Morgan County,Donald J. Trump (I) (Rep),"1,865",938,"5,424",3,"8,230"
Morgan County,Joseph R. Biden (Dem),496,"1,042","1,815",2,"3,355"
Morgan County,Jo Jorgensen (Lib),50,19,53,0,122
Murray County,Donald J. Trump (I) (Rep),"3,893","1,361","7,689",0,"12,943"
Murray County,Joseph R. Biden (Dem),530,679,"1,093",0,"2,302"
Murray County,Jo Jorgensen (Lib),50,22,72,0,144
Muscogee County,Donald J. Trump (I) (Rep),"6,527","6,399","17,106",17,"30,049"
Muscogee County,Joseph R. Biden (Dem),"6,579","17,690","25,227",33,"49,529"
Muscogee County,Jo Jorgensen (Lib),305,261,397,2,965
Newton County,Donald J. Trump (I) (Rep),"10,888","4,860","8,103",18,"23,869"
Newton County,Joseph R. Biden (Dem),"6,745","10,471","12,556",22,"29,794"
Newton County,Jo Jorgensen (Lib),289,158,129,0,576
Oconee County,Donald J. Trump (I) (Rep),"2,680","2,696","11,216",3,"16,595"
Oconee County,Joseph R. Biden (Dem),723,"2,993","4,444",2,"8,162"
Oconee County,Jo Jorgensen (Lib),113,76,222,0,411
Oglethorpe County,Donald J. Trump (I) (Rep),"1,061",946,"3,584",2,"5,593"
Oglethorpe County,Joseph R. Biden (Dem),417,868,"1,150",1,"2,436"
Oglethorpe County,Jo Jorgensen (Lib),26,28,47,1,102
Paulding County,Donald J. Trump (I) (Rep),"9,710","9,582","35,174",59,"54,525"
Paulding County,Joseph R. Biden (Dem),"3,763","10,525","15,376",40,"29,704"
Paulding County,Jo Jorgensen (Lib),327,278,550,1,"1,156"
Peach County,Donald J. Trump (I) (Rep),954,810,"4,728",10,"6,502"
Peach County,Joseph R. Biden (Dem),809,"1,741","3,364",6,"5,920"
Peach County,Jo Jorgensen (Lib),44,12,66,1,123
Pickens County,Donald J. Trump (I) (Rep),"5,994","1,786","6,287",8,"14,075"
Pickens County,Joseph R. Biden (Dem),645,"1,119","1,044",0,"2,808"
Pickens County,Jo Jorgensen (Lib),135,34,64,0,233
Pierce County,Donald J. Trump (I) (Rep),"1,208",923,"5,768",0,"7,899"
Pierce County,Joseph R. Biden (Dem),122,368,610,0,"1,100"
Pierce County,Jo Jorgensen (Lib),14,6,29,0,49
Pike County,Donald J. Trump (I) (Rep),"2,341",919,"5,864",3,"9,127"
Pike County,Joseph R. Biden (Dem),285,523,695,2,"1,505"
Pike County,Jo Jorgensen (Lib),27,20,41,0,88
Polk County,Donald J. Trump (I) (Rep),"2,849","1,707","9,021",12,"13,589"
Polk County,Joseph R. Biden (Dem),607,"1,088","1,957",6,"3,658"
Polk County,Jo Jorgensen (Lib),58,24,67,3,152
Pulaski County,Donald J. Trump (I) (Rep),336,313,"2,155",1,"2,805"
Pulaski County,Joseph R. Biden (Dem),165,337,715,0,"1,217"
Pulaski County,Jo Jorgensen (Lib),10,9,18,0,37
Putnam County,Donald J. Trump (I) (Rep),"1,547","1,760","4,983",1,"8,291"
Putnam County,Joseph R. Biden (Dem),470,"1,478","1,500",0,"3,448"
Putnam County,Jo Jorgensen (Lib),35,34,47,0,116
Quitman County,Donald J. Trump (I) (Rep),163,88,353,0,604
Quitman County,Joseph R. Biden (Dem),163,137,196,1,497
Quitman County,Jo Jorgensen (Lib),3,1,1,0,5
Rabun County,Donald J. Trump (I) (Rep),"1,207","1,663","4,604",0,"7,474"
Rabun County,Joseph R. Biden (Dem),199,888,897,0,"1,984"
Rabun County,Jo Jorgensen (Lib),28,33,49,0,110
Randolph County,Donald J. Trump (I) (Rep),321,214,856,0,"1,391"
Randolph County,Joseph R. Biden (Dem),402,464,802,3,"1,671"
Randolph County,Jo Jorgensen (Lib),6,2,4,0,12
Richmond County,Donald J. Trump (I) (Rep),"8,584","6,233","11,931",33,"26,781"
Richmond County,Joseph R. Biden (Dem),"11,843","21,348","25,780",153,"59,124"
Richmond County,Jo Jorgensen (Lib),428,322,359,2,"1,111"
Rockdale County,Donald J. Trump (I) (Rep),"2,526","3,005","7,466",15,"13,012"
Rockdale County,Joseph R. Biden (Dem),"3,543","9,429","18,248",24,"31,244"
Rockdale County,Jo Jorgensen (Lib),126,115,189,0,430
Schley County,Donald J. Trump (I) (Rep),304,154,"1,341",1,"1,800"
Schley County,Joseph R. Biden (Dem),65,157,240,0,462
Schley County,Jo Jorgensen (Lib),4,3,6,0,13
Screven County,Donald J. Trump (I) (Rep),"1,260",505,"2,140",11,"3,916"
Screven County,Joseph R. Biden (Dem),601,789,"1,264",7,"2,661"
Screven County,Jo Jorgensen (Lib),24,5,22,0,51
Seminole County,Donald J. Trump (I) (Rep),944,277,"1,390",0,"2,611"
Seminole County,Joseph R. Biden (Dem),294,269,691,0,"1,254"
Seminole County,Jo Jorgensen (Lib),15,1,3,0,19
Spalding County,Donald J. Trump (I) (Rep),"5,234","3,490","8,801",532,"18,057"
Spalding County,Joseph R. Biden (Dem),"2,554","4,264","4,600",366,"11,784"
Spalding County,Jo Jorgensen (Lib),132,53,78,12,275
Stephens County,Donald J. Trump (I) (Rep),"1,234","1,365","6,765",4,"9,368"
Stephens County,Joseph R. Biden (Dem),291,806,"1,288",0,"2,385"
Stephens County,Jo Jorgensen (Lib),33,24,75,0,132
Stewart County,Donald J. Trump (I) (Rep),229,105,462,5,801
Stewart County,Joseph R. Biden (Dem),292,378,505,7,"1,182"
Stewart County,Jo Jorgensen (Lib),2,2,3,0,7
Sumter County,Donald J. Trump (I) (Rep),"1,524",837,"3,358",13,"5,732"
Sumter County,Joseph R. Biden (Dem),"1,139","2,023","3,150",6,"6,318"
Sumter County,Jo Jorgensen (Lib),26,18,56,0,100
Talbot County,Donald J. Trump (I) (Rep),464,241,686,1,"1,392"
Talbot County,Joseph R. Biden (Dem),541,955,618,0,"2,114"
Talbot County,Jo Jorgensen (Lib),9,2,5,0,16
Taliaferro County,Donald J. Trump (I) (Rep),96,64,200,0,360
Taliaferro County,Joseph R. Biden (Dem),100,237,223,1,561
Taliaferro County,Jo Jorgensen (Lib),4,1,2,0,7
Tattnall County,Donald J. Trump (I) (Rep),"1,536",818,"3,699",0,"6,053"
Tattnall County,Joseph R. Biden (Dem),412,546,"1,103",0,"2,061"
Tattnall County,Jo Jorgensen (Lib),34,10,25,0,69
Taylor County,Donald J. Trump (I) (Rep),349,292,"1,764",13,"2,418"
Taylor County,Joseph R. Biden (Dem),272,489,624,2,"1,387"
Taylor County,Jo Jorgensen (Lib),13,3,18,0,34
Telfair County,Donald J. Trump (I) (Rep),958,358,"1,506",3,"2,825"
Telfair County,Joseph R. Biden (Dem),317,618,545,7,"1,487"
Telfair County,Jo Jorgensen (Lib),10,2,9,0,21
Terrell County,Donald J. Trump (I) (Rep),665,270,"1,069",0,"2,004"
Terrell County,Joseph R. Biden (Dem),567,839,969,1,"2,376"
Terrell County,Jo Jorgensen (Lib),15,12,9,0,36
Thomas County,Donald J. Trump (I) (Rep),"2,718","1,670","8,565",1,"12,954"
Thomas County,Joseph R. Biden (Dem),"1,473","2,412","4,819",4,"8,708"
Thomas County,Jo Jorgensen (Lib),65,35,91,0,191
Tift County,Donald J. Trump (I) (Rep),"2,721","1,221","6,833",9,"10,784"
Tift County,Joseph R. Biden (Dem),"1,110","1,464","2,732",16,"5,322"
Tift County,Jo Jorgensen (Lib),54,33,88,2,177
Toombs County,Donald J. Trump (I) (Rep),"1,797","1,217","4,852",6,"7,872"
Toombs County,Joseph R. Biden (Dem),569,"1,078","1,288",4,"2,939"
Toombs County,Jo Jorgensen (Lib),49,16,38,0,103
Towns County,Donald J. Trump (I) (Rep),984,"1,227","4,165",8,"6,384"
Towns County,Joseph R. Biden (Dem),118,711,720,1,"1,550"
Towns County,Jo Jorgensen (Lib),17,10,18,0,45
Treutlen County,Donald J. Trump (I) (Rep),418,274,"1,409",0,"2,101"
Treutlen County,Joseph R. Biden (Dem),123,303,526,0,952
Treutlen County,Jo Jorgensen (Lib),10,4,10,0,24
Troup County,Donald J. Trump (I) (Rep),"4,673","2,905","10,519",46,"18,143"
Troup County,Joseph R. Biden (Dem),"2,809","3,459","5,276",34,"11,578"
Troup County,Jo Jorgensen (Lib),139,60,129,0,328
Turner County,Donald J. Trump (I) (Rep),377,233,"1,738",1,"2,349"
Turner County,Joseph R. Biden (Dem),332,289,788,1,"1,410"
Turner County,Jo Jorgensen (Lib),6,5,22,0,33
Twiggs County,Donald J. Trump (I) (Rep),841,310,"1,219",0,"2,370"
Twiggs County,Joseph R. Biden (Dem),426,736,878,4,"2,044"
Twiggs County,Jo Jorgensen (Lib),15,7,8,0,30
Union County,Donald J. Trump (I) (Rep),"3,400","2,232","7,008",11,"12,651"
Union County,Joseph R. Biden (Dem),300,"1,303","1,198",0,"2,801"
Union County,Jo Jorgensen (Lib),49,23,36,0,108
Upson County,Donald J. Trump (I) (Rep),"1,364","1,175","6,063",6,"8,608"
Upson County,Joseph R. Biden (Dem),646,"1,572","1,983",0,"4,201"
Upson County,Jo Jorgensen (Lib),28,20,48,0,96
Walker County,Donald J. Trump (I) (Rep),"5,560","3,517","14,089",8,"23,174"
Walker County,Joseph R. Biden (Dem),994,"2,206","2,567",2,"5,769"
Walker County,Jo Jorgensen (Lib),162,76,173,0,411
Walton County,Donald J. Trump (I) (Rep),"9,202","6,031","22,594",15,"37,842"
Walton County,Joseph R. Biden (Dem),"2,145","4,254","6,272",11,"12,682"
Walton County,Jo Jorgensen (Lib),225,111,235,0,571
Ware County,Donald J. Trump (I) (Rep),"2,577","1,368","5,900",20,"9,865"
Ware County,Joseph R. Biden (Dem),563,"1,556","2,066",26,"4,211"
Ware County,Jo Jorgensen (Lib),46,17,52,1,116
Warren County,Donald J. Trump (I) (Rep),190,205,771,0,"1,166"
Warren County,Joseph R. Biden (Dem),297,540,632,0,"1,469"
Warren County,Jo Jorgensen (Lib),6,1,9,0,16
Washington County,Donald J. Trump (I) (Rep),"1,481",719,"2,458",5,"4,663"
Washington County,Joseph R. Biden (Dem),"1,071","1,811","1,843",5,"4,730"
Washington County,Jo Jorgensen (Lib),25,14,27,0,66
Wayne County,Donald J. Trump (I) (Rep),"2,495","1,354","6,131",7,"9,987"
Wayne County,Joseph R. Biden (Dem),460,736,"1,489",2,"2,687"
Wayne County,Jo Jorgensen (Lib),35,16,53,0,104
Webster County,Donald J. Trump (I) (Rep),139,121,488,0,748
Webster County,Joseph R. Biden (Dem),142,227,270,0,639
Webster County,Jo Jorgensen (Lib),0,2,1,0,3
Wheeler County,Donald J. Trump (I) (Rep),438,202,943,0,"1,583"
Wheeler County,Joseph R. Biden (Dem),197,195,297,0,689
Wheeler County,Jo Jorgensen (Lib),5,1,7,0,13
White County,Donald J. Trump (I) (Rep),"3,448","2,088","6,680",6,"12,222"
White County,Joseph R. Biden (Dem),372,973,"1,066",0,"2,411"
White County,Jo Jorgensen (Lib),80,27,76,0,183
Whitfield County,Donald J. Trump (I) (Rep),"8,963","3,544","13,084",45,"25,636"
Whitfield County,Joseph R. Biden (Dem),"2,814","2,840","4,997",19,"10,670"
Whitfield County,Jo Jorgensen (Lib),194,84,162,0,440
Wilcox County,Donald J. Trump (I) (Rep),743,343,"1,317",0,"2,403"
Wilcox County,Joseph R. Biden (Dem),285,212,365,0,862
Wilcox County,Jo Jorgensen (Lib),8,2,6,0,16
Wilkes County,Donald J. Trump (I) (Rep),704,467,"1,649",3,"2,823"
Wilkes County,Joseph R. Biden (Dem),504,755,897,4,"2,160"
Wilkes County,Jo Jorgensen (Lib),16,10,20,0,46
Wilkinson County,Donald J. Trump (I) (Rep),"1,293",259,"1,109",3,"2,664"
Wilkinson County,Joseph R. Biden (Dem),528,602,942,3,"2,075"
Wilkinson County,Jo Jorgensen (Lib),17,4,10,0,31
Worth County,Donald J. Trump (I) (Rep),"2,779",766,"3,285",0,"6,830"
Worth County,Joseph R. Biden (Dem),581,820,994,0,"2,395"
Worth County,Jo Jorgensen (Lib),22,10,28,0,60
